{
    "timestamp": "2025-08-16T22:33:40.504559",
    "stats": {
        "total": 10,
        "processed": 0,
        "errors": 0,
        "skipped": 10,
        "start_time": 1755405219.3597078
    },
    "elapsed_time": 1.1448421478271484,
    "format": "FLAC only"
}
