{
    "timestamp": "2025-08-17T04:34:19.612293",
    "stats": {
        "total": 5,
        "processed": 0,
        "errors": 17,
        "skipped": 8,
        "crashes": 0,
        "start_time": 1755403670.229533
    },
    "elapsed_time": 23189.382744073868
}
